studyId,filename
GCST000028,raw_summary_statistics/GCST000001-GCST001000/GCST000028/harmonised/17463246-GCST000028-EFO_0001360.h.tsv.gz
GCST000392,raw_summary_statistics/GCST000001-GCST001000/GCST000392/harmonised/19430480-GCST000392-EFO_0001359.h.tsv.gz
GCST000510,raw_summary_statistics/GCST000001-GCST001000/GCST000510/harmonised/19853236-GCST000510-EFO_0004309.h.tsv.gz
GCST000553,raw_summary_statistics/GCST000001-GCST001000/GCST000553/harmonised/20045101-GCST000553-EFO_0004839.h.tsv.gz
GCST000569,raw_summary_statistics/GCST000001-GCST001000/GCST000569/harmonised/20081857-GCST000569-EFO_0004307.h.tsv.gz
GCST005180,raw_summary_statistics/GCST005001-GCST006000/GCST005180/harmonised/20081858-GCST005180-EFO_0004469.h.tsv.gz
GCST000571,raw_summary_statistics/GCST000001-GCST001000/GCST000571/harmonised/20081858-GCST000571-EFO_0004466.h.tsv.gz
GCST000568,raw_summary_statistics/GCST000001-GCST001000/GCST000568/harmonised/20081858-GCST000568-EFO_0004465.h.tsv.gz
GCST005179,raw_summary_statistics/GCST005001-GCST006000/GCST005179/harmonised/20081858-GCST005179-EFO_0004501.h.tsv.gz
GCST000612,raw_summary_statistics/GCST000001-GCST001000/GCST000612/harmonised/20190752-GCST000612-EFO_0001060.h.tsv.gz
GCST000679,raw_summary_statistics/GCST000001-GCST001000/GCST000679/harmonised/20453842-GCST000679-EFO_0000685.h.tsv.gz
GCST000758,raw_summary_statistics/GCST000001-GCST001000/GCST000758/harmonised/20686565-GCST000758-EFO_0004530.h.tsv.gz
GCST000759,raw_summary_statistics/GCST000001-GCST001000/GCST000759/harmonised/20686565-GCST000759-EFO_0004611.h.tsv.gz
GCST000760,raw_summary_statistics/GCST000001-GCST001000/GCST000760/harmonised/20686565-GCST000760-EFO_0004574.h.tsv.gz
GCST000755,raw_summary_statistics/GCST000001-GCST001000/GCST000755/harmonised/20686565-GCST000755-EFO_0004612.h.tsv.gz
GCST000879,raw_summary_statistics/GCST000001-GCST001000/GCST000879/harmonised/21102463-GCST000879-EFO_0000384.h.tsv.gz
GCST000922,raw_summary_statistics/GCST000001-GCST001000/GCST000922/harmonised/21173776-GCST000922-EFO_0007914.h.tsv.gz
GCST006326,raw_summary_statistics/GCST006001-GCST007000/GCST006326/harmonised/21173776-GCST006326-EFO_0007912.h.tsv.gz
GCST006328,raw_summary_statistics/GCST006001-GCST007000/GCST006328/harmonised/21173776-GCST006328-EFO_0004317.h.tsv.gz
GCST006329,raw_summary_statistics/GCST006001-GCST007000/GCST006329/harmonised/21173776-GCST006329-EFO_0007915.h.tsv.gz
GCST006327,raw_summary_statistics/GCST006001-GCST007000/GCST006327/harmonised/21173776-GCST006327-EFO_0004257.h.tsv.gz
GCST000998,raw_summary_statistics/GCST000001-GCST001000/GCST000998/harmonised/21378990-GCST000998-EFO_0001645.h.tsv.gz
GCST001198,raw_summary_statistics/GCST001001-GCST002000/GCST001198/harmonised/21833088-GCST001198-EFO_0003885.h.tsv.gz
GCST001212,raw_summary_statistics/GCST001001-GCST002000/GCST001212/harmonised/21873549-GCST001212-EFO_0004467.h.tsv.gz
GCST001255,raw_summary_statistics/GCST001001-GCST002000/GCST001255/harmonised/21980299-GCST001255-EFO_0001359.h.tsv.gz
GCST005523,raw_summary_statistics/GCST005001-GCST006000/GCST005523/harmonised/22057235-GCST005523-EFO_0001060.h.tsv.gz
GCST001404,raw_summary_statistics/GCST001001-GCST002000/GCST001404/harmonised/22318345-GCST001404-EFO_0004606.h.tsv.gz
GCST001475,raw_summary_statistics/GCST001001-GCST002000/GCST001475/harmonised/22484627-GCST001475-EFO_0001073.h.tsv.gz
GCST007691,raw_summary_statistics/GCST007001-GCST008000/GCST007691/harmonised/22504420-GCST007691-EFO_0003923.h.tsv.gz
GCST001482,raw_summary_statistics/GCST001001-GCST002000/GCST001482/harmonised/22504420-GCST001482-EFO_0007785.h.tsv.gz
GCST005185,raw_summary_statistics/GCST005001-GCST006000/GCST005185/harmonised/22581228-GCST005185-EFO_0004466.h.tsv.gz
GCST005186,raw_summary_statistics/GCST005001-GCST006000/GCST005186/harmonised/22581228-GCST005186-EFO_0004465.h.tsv.gz
GCST001592,raw_summary_statistics/GCST001001-GCST002000/GCST001592/harmonised/22763110-GCST001592-EFO_0002506.h.tsv.gz
GCST005047,raw_summary_statistics/GCST005001-GCST006000/GCST005047/harmonised/22885922-GCST005047-EFO_0001360.h.tsv.gz
GCST005524,raw_summary_statistics/GCST005001-GCST006000/GCST005524/harmonised/22922229-GCST005524-EFO_0006812.h.tsv.gz
GCST005581,raw_summary_statistics/GCST005001-GCST006000/GCST005581/harmonised/22961000-GCST005581-EFO_1001486.h.tsv.gz
GCST001685,raw_summary_statistics/GCST001001-GCST002000/GCST001685/harmonised/23000144-GCST001685-EFO_0004267.h.tsv.gz
GCST005527,raw_summary_statistics/GCST005001-GCST006000/GCST005527/harmonised/23143594-GCST005527-EFO_0000676.h.tsv.gz
GCST005569,raw_summary_statistics/GCST005001-GCST006000/GCST005569/harmonised/23143596-GCST005569-EFO_0000685.h.tsv.gz
GCST001791,raw_summary_statistics/GCST001001-GCST002000/GCST001791/harmonised/23263486-GCST001791-EFO_0004531.h.tsv.gz
GCST001790,raw_summary_statistics/GCST001001-GCST002000/GCST001790/harmonised/23263486-GCST001790-EFO_0004274.h.tsv.gz
GCST001837,raw_summary_statistics/GCST001001-GCST002000/GCST001837/harmonised/23358156-GCST001837-EFO_0004337.h.tsv.gz
GCST005522,raw_summary_statistics/GCST005001-GCST006000/GCST005522/harmonised/23459209-GCST005522-EFO_0000614.h.tsv.gz
GCST001969,raw_summary_statistics/GCST001001-GCST002000/GCST001969/harmonised/23583979-GCST001969-EFO_0004326.h.tsv.gz
GCST005528,raw_summary_statistics/GCST005001-GCST006000/GCST005528/harmonised/23603761-GCST005528-EFO_1001999.h.tsv.gz
GCST008396,raw_summary_statistics/GCST008001-GCST009000/GCST008396/harmonised/GCST008396.h.tsv.gz
GCST002047,raw_summary_statistics/GCST002001-GCST003000/GCST002047/harmonised/GCST002047.h.tsv.gz
GCST005529,raw_summary_statistics/GCST005001-GCST006000/GCST005529/harmonised/23749187-GCST005529-EFO_0003898.h.tsv.gz
GCST005531,raw_summary_statistics/GCST005001-GCST006000/GCST005531/harmonised/24076602-GCST005531-EFO_0003885.h.tsv.gz
GCST002221,raw_summary_statistics/GCST002001-GCST003000/GCST002221/harmonised/24097068-GCST002221-EFO_0004574.h.tsv.gz
GCST002222,raw_summary_statistics/GCST002001-GCST003000/GCST002222/harmonised/24097068-GCST002222-EFO_0004611.h.tsv.gz
GCST002223,raw_summary_statistics/GCST002001-GCST003000/GCST002223/harmonised/24097068-GCST002223-EFO_0004612.h.tsv.gz
GCST002216,raw_summary_statistics/GCST002001-GCST003000/GCST002216/harmonised/24097068-GCST002216-EFO_0004530.h.tsv.gz
GCST002245,raw_summary_statistics/GCST002001-GCST003000/GCST002245/harmonised/24162737-GCST002245-EFO_0000249.h.tsv.gz
GCST002318,raw_summary_statistics/GCST002001-GCST003000/GCST002318/harmonised/24390342-GCST002318-EFO_0000685.h.tsv.gz
GCST002376,raw_summary_statistics/GCST002001-GCST003000/GCST002376/harmonised/24578125-GCST002376-EFO_0005663.h.tsv.gz
GCST005215,raw_summary_statistics/GCST005001-GCST006000/GCST005215/harmonised/24699409-GCST005215-EFO_0008473.h.tsv.gz
GCST005218,raw_summary_statistics/GCST005001-GCST006000/GCST005218/harmonised/24699409-GCST005218-EFO_0008473.h.tsv.gz
GCST005221,raw_summary_statistics/GCST005001-GCST006000/GCST005221/harmonised/24699409-GCST005221-EFO_0004471.h.tsv.gz
GCST005219,raw_summary_statistics/GCST005001-GCST006000/GCST005219/harmonised/24699409-GCST005219-EFO_0004467.h.tsv.gz
GCST005216,raw_summary_statistics/GCST005001-GCST006000/GCST005216/harmonised/24699409-GCST005216-EFO_0008473.h.tsv.gz
GCST005217,raw_summary_statistics/GCST005001-GCST006000/GCST005217/harmonised/24699409-GCST005217-EFO_0008473.h.tsv.gz
GCST005220,raw_summary_statistics/GCST005001-GCST006000/GCST005220/harmonised/24699409-GCST005220-EFO_0004467.h.tsv.gz
GCST005223,raw_summary_statistics/GCST005001-GCST006000/GCST005223/harmonised/24699409-GCST005223-EFO_0008473.h.tsv.gz
GCST005222,raw_summary_statistics/GCST005001-GCST006000/GCST005222/harmonised/24699409-GCST005222-EFO_0006832.h.tsv.gz
GCST90243860,raw_summary_statistics/GCST90243001-GCST90244000/GCST90243860/harmonised/GCST90243860.h.tsv.gz
GCST90243879,raw_summary_statistics/GCST90243001-GCST90244000/GCST90243879/harmonised/GCST90243879.h.tsv.gz
GCST90243864,raw_summary_statistics/GCST90243001-GCST90244000/GCST90243864/harmonised/GCST90243864.h.tsv.gz
GCST90243817,raw_summary_statistics/GCST90243001-GCST90244000/GCST90243817/harmonised/GCST90243817.h.tsv.gz
GCST90243875,raw_summary_statistics/GCST90243001-GCST90244000/GCST90243875/harmonised/GCST90243875.h.tsv.gz
GCST90243858,raw_summary_statistics/GCST90243001-GCST90244000/GCST90243858/harmonised/GCST90243858.h.tsv.gz
GCST90243865,raw_summary_statistics/GCST90243001-GCST90244000/GCST90243865/harmonised/GCST90243865.h.tsv.gz
GCST90243870,raw_summary_statistics/GCST90243001-GCST90244000/GCST90243870/harmonised/GCST90243870.h.tsv.gz
GCST90243803,raw_summary_statistics/GCST90243001-GCST90244000/GCST90243803/harmonised/GCST90243803.h.tsv.gz
GCST90243837,raw_summary_statistics/GCST90243001-GCST90244000/GCST90243837/harmonised/GCST90243837.h.tsv.gz
GCST90243868,raw_summary_statistics/GCST90243001-GCST90244000/GCST90243868/harmonised/GCST90243868.h.tsv.gz
GCST90243835,raw_summary_statistics/GCST90243001-GCST90244000/GCST90243835/harmonised/GCST90243835.h.tsv.gz
GCST90243836,raw_summary_statistics/GCST90243001-GCST90244000/GCST90243836/harmonised/GCST90243836.h.tsv.gz
GCST90243819,raw_summary_statistics/GCST90243001-GCST90244000/GCST90243819/harmonised/GCST90243819.h.tsv.gz
GCST90243804,raw_summary_statistics/GCST90243001-GCST90244000/GCST90243804/harmonised/GCST90243804.h.tsv.gz
GCST90243763,raw_summary_statistics/GCST90243001-GCST90244000/GCST90243763/harmonised/GCST90243763.h.tsv.gz
GCST90243578,raw_summary_statistics/GCST90243001-GCST90244000/GCST90243578/harmonised/GCST90243578.h.tsv.gz
GCST90243626,raw_summary_statistics/GCST90243001-GCST90244000/GCST90243626/harmonised/GCST90243626.h.tsv.gz
GCST90243760,raw_summary_statistics/GCST90243001-GCST90244000/GCST90243760/harmonised/GCST90243760.h.tsv.gz
GCST90243579,raw_summary_statistics/GCST90243001-GCST90244000/GCST90243579/harmonised/GCST90243579.h.tsv.gz
GCST90243458,raw_summary_statistics/GCST90243001-GCST90244000/GCST90243458/harmonised/GCST90243458.h.tsv.gz
GCST90243665,raw_summary_statistics/GCST90243001-GCST90244000/GCST90243665/harmonised/GCST90243665.h.tsv.gz
GCST90243644,raw_summary_statistics/GCST90243001-GCST90244000/GCST90243644/harmonised/GCST90243644.h.tsv.gz
GCST90243585,raw_summary_statistics/GCST90243001-GCST90244000/GCST90243585/harmonised/GCST90243585.h.tsv.gz
GCST90243445,raw_summary_statistics/GCST90243001-GCST90244000/GCST90243445/harmonised/GCST90243445.h.tsv.gz
GCST90243523,raw_summary_statistics/GCST90243001-GCST90244000/GCST90243523/harmonised/GCST90243523.h.tsv.gz
GCST90243419,raw_summary_statistics/GCST90243001-GCST90244000/GCST90243419/harmonised/GCST90243419.h.tsv.gz
GCST90243594,raw_summary_statistics/GCST90243001-GCST90244000/GCST90243594/harmonised/GCST90243594.h.tsv.gz
GCST90243462,raw_summary_statistics/GCST90243001-GCST90244000/GCST90243462/harmonised/GCST90243462.h.tsv.gz
GCST90243520,raw_summary_statistics/GCST90243001-GCST90244000/GCST90243520/harmonised/GCST90243520.h.tsv.gz
GCST90243754,raw_summary_statistics/GCST90243001-GCST90244000/GCST90243754/harmonised/GCST90243754.h.tsv.gz
GCST90243457,raw_summary_statistics/GCST90243001-GCST90244000/GCST90243457/harmonised/GCST90243457.h.tsv.gz
GCST90243424,raw_summary_statistics/GCST90243001-GCST90244000/GCST90243424/harmonised/GCST90243424.h.tsv.gz
GCST90243530,raw_summary_statistics/GCST90243001-GCST90244000/GCST90243530/harmonised/GCST90243530.h.tsv.gz
GCST90243790,raw_summary_statistics/GCST90243001-GCST90244000/GCST90243790/harmonised/GCST90243790.h.tsv.gz
GCST90243736,raw_summary_statistics/GCST90243001-GCST90244000/GCST90243736/harmonised/GCST90243736.h.tsv.gz
GCST90243697,raw_summary_statistics/GCST90243001-GCST90244000/GCST90243697/harmonised/GCST90243697.h.tsv.gz
GCST90243630,raw_summary_statistics/GCST90243001-GCST90244000/GCST90243630/harmonised/GCST90243630.h.tsv.gz
GCST90243459,raw_summary_statistics/GCST90243001-GCST90244000/GCST90243459/harmonised/GCST90243459.h.tsv.gz
GCST90243618,raw_summary_statistics/GCST90243001-GCST90244000/GCST90243618/harmonised/GCST90243618.h.tsv.gz
GCST90243526,raw_summary_statistics/GCST90243001-GCST90244000/GCST90243526/harmonised/GCST90243526.h.tsv.gz
GCST90243631,raw_summary_statistics/GCST90243001-GCST90244000/GCST90243631/harmonised/GCST90243631.h.tsv.gz
GCST90243614,raw_summary_statistics/GCST90243001-GCST90244000/GCST90243614/harmonised/GCST90243614.h.tsv.gz
GCST90243759,raw_summary_statistics/GCST90243001-GCST90244000/GCST90243759/harmonised/GCST90243759.h.tsv.gz
GCST90243495,raw_summary_statistics/GCST90243001-GCST90244000/GCST90243495/harmonised/GCST90243495.h.tsv.gz
GCST90243543,raw_summary_statistics/GCST90243001-GCST90244000/GCST90243543/harmonised/GCST90243543.h.tsv.gz
GCST90243519,raw_summary_statistics/GCST90243001-GCST90244000/GCST90243519/harmonised/GCST90243519.h.tsv.gz
GCST90243560,raw_summary_statistics/GCST90243001-GCST90244000/GCST90243560/harmonised/GCST90243560.h.tsv.gz
GCST90243536,raw_summary_statistics/GCST90243001-GCST90244000/GCST90243536/harmonised/GCST90243536.h.tsv.gz
GCST90243480,raw_summary_statistics/GCST90243001-GCST90244000/GCST90243480/harmonised/GCST90243480.h.tsv.gz
GCST90243441,raw_summary_statistics/GCST90243001-GCST90244000/GCST90243441/harmonised/GCST90243441.h.tsv.gz
GCST90243476,raw_summary_statistics/GCST90243001-GCST90244000/GCST90243476/harmonised/GCST90243476.h.tsv.gz
GCST90243608,raw_summary_statistics/GCST90243001-GCST90244000/GCST90243608/harmonised/GCST90243608.h.tsv.gz
GCST90243406,raw_summary_statistics/GCST90243001-GCST90244000/GCST90243406/harmonised/GCST90243406.h.tsv.gz
GCST90243642,raw_summary_statistics/GCST90243001-GCST90244000/GCST90243642/harmonised/GCST90243642.h.tsv.gz
GCST90243442,raw_summary_statistics/GCST90243001-GCST90244000/GCST90243442/harmonised/GCST90243442.h.tsv.gz
GCST90243418,raw_summary_statistics/GCST90243001-GCST90244000/GCST90243418/harmonised/GCST90243418.h.tsv.gz
GCST90243628,raw_summary_statistics/GCST90243001-GCST90244000/GCST90243628/harmonised/GCST90243628.h.tsv.gz
GCST90243509,raw_summary_statistics/GCST90243001-GCST90244000/GCST90243509/harmonised/GCST90243509.h.tsv.gz
GCST90243646,raw_summary_statistics/GCST90243001-GCST90244000/GCST90243646/harmonised/GCST90243646.h.tsv.gz
GCST90243507,raw_summary_statistics/GCST90243001-GCST90244000/GCST90243507/harmonised/GCST90243507.h.tsv.gz
GCST90243800,raw_summary_statistics/GCST90243001-GCST90244000/GCST90243800/harmonised/GCST90243800.h.tsv.gz
GCST90243521,raw_summary_statistics/GCST90243001-GCST90244000/GCST90243521/harmonised/GCST90243521.h.tsv.gz
GCST90243664,raw_summary_statistics/GCST90243001-GCST90244000/GCST90243664/harmonised/GCST90243664.h.tsv.gz
GCST90243407,raw_summary_statistics/GCST90243001-GCST90244000/GCST90243407/harmonised/GCST90243407.h.tsv.gz
GCST90243405,raw_summary_statistics/GCST90243001-GCST90244000/GCST90243405/harmonised/GCST90243405.h.tsv.gz
GCST90243700,raw_summary_statistics/GCST90243001-GCST90244000/GCST90243700/harmonised/GCST90243700.h.tsv.gz
GCST90243730,raw_summary_statistics/GCST90243001-GCST90244000/GCST90243730/harmonised/GCST90243730.h.tsv.gz
GCST90243404,raw_summary_statistics/GCST90243001-GCST90244000/GCST90243404/harmonised/GCST90243404.h.tsv.gz
GCST90243452,raw_summary_statistics/GCST90243001-GCST90244000/GCST90243452/harmonised/GCST90243452.h.tsv.gz
GCST90243616,raw_summary_statistics/GCST90243001-GCST90244000/GCST90243616/harmonised/GCST90243616.h.tsv.gz
GCST90243488,raw_summary_statistics/GCST90243001-GCST90244000/GCST90243488/harmonised/GCST90243488.h.tsv.gz
GCST90243776,raw_summary_statistics/GCST90243001-GCST90244000/GCST90243776/harmonised/GCST90243776.h.tsv.gz
GCST90243711,raw_summary_statistics/GCST90243001-GCST90244000/GCST90243711/harmonised/GCST90243711.h.tsv.gz
GCST90243496,raw_summary_statistics/GCST90243001-GCST90244000/GCST90243496/harmonised/GCST90243496.h.tsv.gz
GCST90243489,raw_summary_statistics/GCST90243001-GCST90244000/GCST90243489/harmonised/GCST90243489.h.tsv.gz
GCST90243541,raw_summary_statistics/GCST90243001-GCST90244000/GCST90243541/harmonised/GCST90243541.h.tsv.gz
GCST90243696,raw_summary_statistics/GCST90243001-GCST90244000/GCST90243696/harmonised/GCST90243696.h.tsv.gz
GCST90243485,raw_summary_statistics/GCST90243001-GCST90244000/GCST90243485/harmonised/GCST90243485.h.tsv.gz
GCST90243486,raw_summary_statistics/GCST90243001-GCST90244000/GCST90243486/harmonised/GCST90243486.h.tsv.gz
GCST90243703,raw_summary_statistics/GCST90243001-GCST90244000/GCST90243703/harmonised/GCST90243703.h.tsv.gz
GCST90243673,raw_summary_statistics/GCST90243001-GCST90244000/GCST90243673/harmonised/GCST90243673.h.tsv.gz
GCST90243693,raw_summary_statistics/GCST90243001-GCST90244000/GCST90243693/harmonised/GCST90243693.h.tsv.gz
GCST90243647,raw_summary_statistics/GCST90243001-GCST90244000/GCST90243647/harmonised/GCST90243647.h.tsv.gz
GCST90243586,raw_summary_statistics/GCST90243001-GCST90244000/GCST90243586/harmonised/GCST90243586.h.tsv.gz
GCST90243789,raw_summary_statistics/GCST90243001-GCST90244000/GCST90243789/harmonised/GCST90243789.h.tsv.gz
GCST90243770,raw_summary_statistics/GCST90243001-GCST90244000/GCST90243770/harmonised/GCST90243770.h.tsv.gz
GCST90243769,raw_summary_statistics/GCST90243001-GCST90244000/GCST90243769/harmonised/GCST90243769.h.tsv.gz
GCST90243421,raw_summary_statistics/GCST90243001-GCST90244000/GCST90243421/harmonised/GCST90243421.h.tsv.gz
GCST90243634,raw_summary_statistics/GCST90243001-GCST90244000/GCST90243634/harmonised/GCST90243634.h.tsv.gz
GCST90243654,raw_summary_statistics/GCST90243001-GCST90244000/GCST90243654/harmonised/GCST90243654.h.tsv.gz
GCST90243548,raw_summary_statistics/GCST90243001-GCST90244000/GCST90243548/harmonised/GCST90243548.h.tsv.gz
GCST90243610,raw_summary_statistics/GCST90243001-GCST90244000/GCST90243610/harmonised/GCST90243610.h.tsv.gz
GCST90243734,raw_summary_statistics/GCST90243001-GCST90244000/GCST90243734/harmonised/GCST90243734.h.tsv.gz
GCST90243718,raw_summary_statistics/GCST90243001-GCST90244000/GCST90243718/harmonised/GCST90243718.h.tsv.gz
GCST90243606,raw_summary_statistics/GCST90243001-GCST90244000/GCST90243606/harmonised/GCST90243606.h.tsv.gz
GCST002548,raw_summary_statistics/GCST002001-GCST003000/GCST002548/harmonised/25082827-GCST002548-EFO_0000729.h.tsv.gz
GCST002598,raw_summary_statistics/GCST002001-GCST003000/GCST002598/harmonised/25201988-GCST002598-EFO_0004784.h.tsv.gz
GCST007857,raw_summary_statistics/GCST007001-GCST008000/GCST007857/harmonised/25625282-GCST007857-EFO_0008037.h.tsv.gz
GCST007858,raw_summary_statistics/GCST007001-GCST008000/GCST007858/harmonised/25625282-GCST007858-EFO_0008036.h.tsv.gz
GCST002783,raw_summary_statistics/GCST002001-GCST003000/GCST002783/harmonised/25673413-GCST002783-EFO_0004340.h.tsv.gz
GCST005536,raw_summary_statistics/GCST005001-GCST006000/GCST005536/harmonised/25751624-GCST005536-EFO_0001359.h.tsv.gz
GCST007236,raw_summary_statistics/GCST007001-GCST008000/GCST007236/harmonised/25751625-GCST007236-EFO_0000305.h.tsv.gz
GCST002920,raw_summary_statistics/GCST002001-GCST003000/GCST002920/harmonised/25993607-GCST002920-EFO_0007660.h.tsv.gz
GCST005538,raw_summary_statistics/GCST005001-GCST006000/GCST005538/harmonised/26051272-GCST005538-Orphanet_797.h.tsv.gz
GCST002964,raw_summary_statistics/GCST002001-GCST003000/GCST002964/harmonised/GCST002964.h.tsv.gz
GCST90240109,raw_summary_statistics/GCST90240001-GCST90241000/GCST90240109/harmonised/GCST90240109.h.tsv.gz
GCST90240019,raw_summary_statistics/GCST90240001-GCST90241000/GCST90240019/harmonised/GCST90240019.h.tsv.gz
GCST90239998,raw_summary_statistics/GCST90239001-GCST90240000/GCST90239998/harmonised/GCST90239998.h.tsv.gz
GCST90240060,raw_summary_statistics/GCST90240001-GCST90241000/GCST90240060/harmonised/GCST90240060.h.tsv.gz
GCST90240097,raw_summary_statistics/GCST90240001-GCST90241000/GCST90240097/harmonised/GCST90240097.h.tsv.gz
GCST90240047,raw_summary_statistics/GCST90240001-GCST90241000/GCST90240047/harmonised/GCST90240047.h.tsv.gz
GCST90240049,raw_summary_statistics/GCST90240001-GCST90241000/GCST90240049/harmonised/GCST90240049.h.tsv.gz
GCST90240025,raw_summary_statistics/GCST90240001-GCST90241000/GCST90240025/harmonised/GCST90240025.h.tsv.gz
GCST90240106,raw_summary_statistics/GCST90240001-GCST90241000/GCST90240106/harmonised/GCST90240106.h.tsv.gz
GCST90240018,raw_summary_statistics/GCST90240001-GCST90241000/GCST90240018/harmonised/GCST90240018.h.tsv.gz
GCST90239992,raw_summary_statistics/GCST90239001-GCST90240000/GCST90239992/harmonised/GCST90239992.h.tsv.gz
GCST90240028,raw_summary_statistics/GCST90240001-GCST90241000/GCST90240028/harmonised/GCST90240028.h.tsv.gz
GCST90240083,raw_summary_statistics/GCST90240001-GCST90241000/GCST90240083/harmonised/GCST90240083.h.tsv.gz
GCST90240064,raw_summary_statistics/GCST90240001-GCST90241000/GCST90240064/harmonised/GCST90240064.h.tsv.gz
GCST90240013,raw_summary_statistics/GCST90240001-GCST90241000/GCST90240013/harmonised/GCST90240013.h.tsv.gz
GCST90240000,raw_summary_statistics/GCST90239001-GCST90240000/GCST90240000/harmonised/GCST90240000.h.tsv.gz
GCST90240038,raw_summary_statistics/GCST90240001-GCST90241000/GCST90240038/harmonised/GCST90240038.h.tsv.gz
GCST90240074,raw_summary_statistics/GCST90240001-GCST90241000/GCST90240074/harmonised/GCST90240074.h.tsv.gz
GCST90240053,raw_summary_statistics/GCST90240001-GCST90241000/GCST90240053/harmonised/GCST90240053.h.tsv.gz
GCST90240098,raw_summary_statistics/GCST90240001-GCST90241000/GCST90240098/harmonised/GCST90240098.h.tsv.gz
GCST90240017,raw_summary_statistics/GCST90240001-GCST90241000/GCST90240017/harmonised/GCST90240017.h.tsv.gz
GCST90240004,raw_summary_statistics/GCST90240001-GCST90241000/GCST90240004/harmonised/GCST90240004.h.tsv.gz
GCST90240069,raw_summary_statistics/GCST90240001-GCST90241000/GCST90240069/harmonised/GCST90240069.h.tsv.gz
GCST90240085,raw_summary_statistics/GCST90240001-GCST90241000/GCST90240085/harmonised/GCST90240085.h.tsv.gz
GCST90240114,raw_summary_statistics/GCST90240001-GCST90241000/GCST90240114/harmonised/GCST90240114.h.tsv.gz
GCST90240079,raw_summary_statistics/GCST90240001-GCST90241000/GCST90240079/harmonised/GCST90240079.h.tsv.gz
GCST90240117,raw_summary_statistics/GCST90240001-GCST90241000/GCST90240117/harmonised/GCST90240117.h.tsv.gz
GCST90239995,raw_summary_statistics/GCST90239001-GCST90240000/GCST90239995/harmonised/GCST90239995.h.tsv.gz
GCST90240043,raw_summary_statistics/GCST90240001-GCST90241000/GCST90240043/harmonised/GCST90240043.h.tsv.gz
GCST90240012,raw_summary_statistics/GCST90240001-GCST90241000/GCST90240012/harmonised/GCST90240012.h.tsv.gz
GCST90239993,raw_summary_statistics/GCST90239001-GCST90240000/GCST90239993/harmonised/GCST90239993.h.tsv.gz
GCST90240031,raw_summary_statistics/GCST90240001-GCST90241000/GCST90240031/harmonised/GCST90240031.h.tsv.gz
GCST90240091,raw_summary_statistics/GCST90240001-GCST90241000/GCST90240091/harmonised/GCST90240091.h.tsv.gz
GCST90239991,raw_summary_statistics/GCST90239001-GCST90240000/GCST90239991/harmonised/GCST90239991.h.tsv.gz
GCST90240002,raw_summary_statistics/GCST90240001-GCST90241000/GCST90240002/harmonised/GCST90240002.h.tsv.gz
GCST002965,raw_summary_statistics/GCST002001-GCST003000/GCST002965/harmonised/GCST002965.h.tsv.gz
GCST90240094,raw_summary_statistics/GCST90240001-GCST90241000/GCST90240094/harmonised/GCST90240094.h.tsv.gz
GCST90240104,raw_summary_statistics/GCST90240001-GCST90241000/GCST90240104/harmonised/GCST90240104.h.tsv.gz
GCST90240050,raw_summary_statistics/GCST90240001-GCST90241000/GCST90240050/harmonised/GCST90240050.h.tsv.gz
GCST90240062,raw_summary_statistics/GCST90240001-GCST90241000/GCST90240062/harmonised/GCST90240062.h.tsv.gz
GCST90240035,raw_summary_statistics/GCST90240001-GCST90241000/GCST90240035/harmonised/GCST90240035.h.tsv.gz
GCST90240015,raw_summary_statistics/GCST90240001-GCST90241000/GCST90240015/harmonised/GCST90240015.h.tsv.gz
GCST90240067,raw_summary_statistics/GCST90240001-GCST90241000/GCST90240067/harmonised/GCST90240067.h.tsv.gz
GCST90240068,raw_summary_statistics/GCST90240001-GCST90241000/GCST90240068/harmonised/GCST90240068.h.tsv.gz
GCST90240087,raw_summary_statistics/GCST90240001-GCST90241000/GCST90240087/harmonised/GCST90240087.h.tsv.gz
GCST90240063,raw_summary_statistics/GCST90240001-GCST90241000/GCST90240063/harmonised/GCST90240063.h.tsv.gz
GCST90240040,raw_summary_statistics/GCST90240001-GCST90241000/GCST90240040/harmonised/GCST90240040.h.tsv.gz
GCST90240039,raw_summary_statistics/GCST90240001-GCST90241000/GCST90240039/harmonised/GCST90240039.h.tsv.gz
GCST002961,raw_summary_statistics/GCST002001-GCST003000/GCST002961/harmonised/GCST002961.h.tsv.gz
GCST90240045,raw_summary_statistics/GCST90240001-GCST90241000/GCST90240045/harmonised/GCST90240045.h.tsv.gz
GCST90240076,raw_summary_statistics/GCST90240001-GCST90241000/GCST90240076/harmonised/GCST90240076.h.tsv.gz
GCST002966,raw_summary_statistics/GCST002001-GCST003000/GCST002966/harmonised/GCST002966.h.tsv.gz
GCST90240096,raw_summary_statistics/GCST90240001-GCST90241000/GCST90240096/harmonised/GCST90240096.h.tsv.gz
GCST90240073,raw_summary_statistics/GCST90240001-GCST90241000/GCST90240073/harmonised/GCST90240073.h.tsv.gz
GCST90240016,raw_summary_statistics/GCST90240001-GCST90241000/GCST90240016/harmonised/GCST90240016.h.tsv.gz
GCST90240086,raw_summary_statistics/GCST90240001-GCST90241000/GCST90240086/harmonised/GCST90240086.h.tsv.gz
GCST90240075,raw_summary_statistics/GCST90240001-GCST90241000/GCST90240075/harmonised/GCST90240075.h.tsv.gz
GCST90240008,raw_summary_statistics/GCST90240001-GCST90241000/GCST90240008/harmonised/GCST90240008.h.tsv.gz
GCST90240058,raw_summary_statistics/GCST90240001-GCST90241000/GCST90240058/harmonised/GCST90240058.h.tsv.gz
GCST90239996,raw_summary_statistics/GCST90239001-GCST90240000/GCST90239996/harmonised/GCST90239996.h.tsv.gz
GCST90240003,raw_summary_statistics/GCST90240001-GCST90241000/GCST90240003/harmonised/GCST90240003.h.tsv.gz
GCST90240118,raw_summary_statistics/GCST90240001-GCST90241000/GCST90240118/harmonised/GCST90240118.h.tsv.gz
GCST90240070,raw_summary_statistics/GCST90240001-GCST90241000/GCST90240070/harmonised/GCST90240070.h.tsv.gz
GCST90240009,raw_summary_statistics/GCST90240001-GCST90241000/GCST90240009/harmonised/GCST90240009.h.tsv.gz
GCST90240056,raw_summary_statistics/GCST90240001-GCST90241000/GCST90240056/harmonised/GCST90240056.h.tsv.gz
GCST90240032,raw_summary_statistics/GCST90240001-GCST90241000/GCST90240032/harmonised/GCST90240032.h.tsv.gz
GCST90240022,raw_summary_statistics/GCST90240001-GCST90241000/GCST90240022/harmonised/GCST90240022.h.tsv.gz
GCST90240020,raw_summary_statistics/GCST90240001-GCST90241000/GCST90240020/harmonised/GCST90240020.h.tsv.gz
GCST90240102,raw_summary_statistics/GCST90240001-GCST90241000/GCST90240102/harmonised/GCST90240102.h.tsv.gz
GCST90240033,raw_summary_statistics/GCST90240001-GCST90241000/GCST90240033/harmonised/GCST90240033.h.tsv.gz
GCST90240105,raw_summary_statistics/GCST90240001-GCST90241000/GCST90240105/harmonised/GCST90240105.h.tsv.gz
GCST90240115,raw_summary_statistics/GCST90240001-GCST90241000/GCST90240115/harmonised/GCST90240115.h.tsv.gz
GCST90240116,raw_summary_statistics/GCST90240001-GCST90241000/GCST90240116/harmonised/GCST90240116.h.tsv.gz
GCST90240001,raw_summary_statistics/GCST90240001-GCST90241000/GCST90240001/harmonised/GCST90240001.h.tsv.gz
GCST90240089,raw_summary_statistics/GCST90240001-GCST90241000/GCST90240089/harmonised/GCST90240089.h.tsv.gz
GCST90240052,raw_summary_statistics/GCST90240001-GCST90241000/GCST90240052/harmonised/GCST90240052.h.tsv.gz
GCST90240037,raw_summary_statistics/GCST90240001-GCST90241000/GCST90240037/harmonised/GCST90240037.h.tsv.gz
GCST90240065,raw_summary_statistics/GCST90240001-GCST90241000/GCST90240065/harmonised/GCST90240065.h.tsv.gz
GCST90240029,raw_summary_statistics/GCST90240001-GCST90241000/GCST90240029/harmonised/GCST90240029.h.tsv.gz
GCST90240061,raw_summary_statistics/GCST90240001-GCST90241000/GCST90240061/harmonised/GCST90240061.h.tsv.gz
GCST90240021,raw_summary_statistics/GCST90240001-GCST90241000/GCST90240021/harmonised/GCST90240021.h.tsv.gz
GCST90239990,raw_summary_statistics/GCST90239001-GCST90240000/GCST90239990/harmonised/GCST90239990.h.tsv.gz
GCST90240093,raw_summary_statistics/GCST90240001-GCST90241000/GCST90240093/harmonised/GCST90240093.h.tsv.gz
GCST90240112,raw_summary_statistics/GCST90240001-GCST90241000/GCST90240112/harmonised/GCST90240112.h.tsv.gz
GCST90240082,raw_summary_statistics/GCST90240001-GCST90241000/GCST90240082/harmonised/GCST90240082.h.tsv.gz
GCST90240084,raw_summary_statistics/GCST90240001-GCST90241000/GCST90240084/harmonised/GCST90240084.h.tsv.gz
GCST90239999,raw_summary_statistics/GCST90239001-GCST90240000/GCST90239999/harmonised/GCST90239999.h.tsv.gz
GCST90240048,raw_summary_statistics/GCST90240001-GCST90241000/GCST90240048/harmonised/GCST90240048.h.tsv.gz
GCST90240095,raw_summary_statistics/GCST90240001-GCST90241000/GCST90240095/harmonised/GCST90240095.h.tsv.gz
GCST90240024,raw_summary_statistics/GCST90240001-GCST90241000/GCST90240024/harmonised/GCST90240024.h.tsv.gz
GCST90240036,raw_summary_statistics/GCST90240001-GCST90241000/GCST90240036/harmonised/GCST90240036.h.tsv.gz
GCST90240111,raw_summary_statistics/GCST90240001-GCST90241000/GCST90240111/harmonised/GCST90240111.h.tsv.gz
GCST90240026,raw_summary_statistics/GCST90240001-GCST90241000/GCST90240026/harmonised/GCST90240026.h.tsv.gz
GCST90240078,raw_summary_statistics/GCST90240001-GCST90241000/GCST90240078/harmonised/GCST90240078.h.tsv.gz
GCST90240103,raw_summary_statistics/GCST90240001-GCST90241000/GCST90240103/harmonised/GCST90240103.h.tsv.gz
GCST90240034,raw_summary_statistics/GCST90240001-GCST90241000/GCST90240034/harmonised/GCST90240034.h.tsv.gz
GCST90240110,raw_summary_statistics/GCST90240001-GCST90241000/GCST90240110/harmonised/GCST90240110.h.tsv.gz
GCST90240101,raw_summary_statistics/GCST90240001-GCST90241000/GCST90240101/harmonised/GCST90240101.h.tsv.gz
GCST90240057,raw_summary_statistics/GCST90240001-GCST90241000/GCST90240057/harmonised/GCST90240057.h.tsv.gz
GCST90240071,raw_summary_statistics/GCST90240001-GCST90241000/GCST90240071/harmonised/GCST90240071.h.tsv.gz
GCST90240077,raw_summary_statistics/GCST90240001-GCST90241000/GCST90240077/harmonised/GCST90240077.h.tsv.gz
GCST90240081,raw_summary_statistics/GCST90240001-GCST90241000/GCST90240081/harmonised/GCST90240081.h.tsv.gz
GCST90240072,raw_summary_statistics/GCST90240001-GCST90241000/GCST90240072/harmonised/GCST90240072.h.tsv.gz
GCST90240113,raw_summary_statistics/GCST90240001-GCST90241000/GCST90240113/harmonised/GCST90240113.h.tsv.gz
GCST90240023,raw_summary_statistics/GCST90240001-GCST90241000/GCST90240023/harmonised/GCST90240023.h.tsv.gz
GCST90240051,raw_summary_statistics/GCST90240001-GCST90241000/GCST90240051/harmonised/GCST90240051.h.tsv.gz
GCST90240046,raw_summary_statistics/GCST90240001-GCST90241000/GCST90240046/harmonised/GCST90240046.h.tsv.gz
GCST90240030,raw_summary_statistics/GCST90240001-GCST90241000/GCST90240030/harmonised/GCST90240030.h.tsv.gz
GCST90240080,raw_summary_statistics/GCST90240001-GCST90241000/GCST90240080/harmonised/GCST90240080.h.tsv.gz
GCST90240005,raw_summary_statistics/GCST90240001-GCST90241000/GCST90240005/harmonised/GCST90240005.h.tsv.gz
GCST90240088,raw_summary_statistics/GCST90240001-GCST90241000/GCST90240088/harmonised/GCST90240088.h.tsv.gz
GCST90240044,raw_summary_statistics/GCST90240001-GCST90241000/GCST90240044/harmonised/GCST90240044.h.tsv.gz
GCST90240059,raw_summary_statistics/GCST90240001-GCST90241000/GCST90240059/harmonised/GCST90240059.h.tsv.gz
GCST90240108,raw_summary_statistics/GCST90240001-GCST90241000/GCST90240108/harmonised/GCST90240108.h.tsv.gz
GCST90240042,raw_summary_statistics/GCST90240001-GCST90241000/GCST90240042/harmonised/GCST90240042.h.tsv.gz
GCST002959,raw_summary_statistics/GCST002001-GCST003000/GCST002959/harmonised/GCST002959.h.tsv.gz
GCST90240055,raw_summary_statistics/GCST90240001-GCST90241000/GCST90240055/harmonised/GCST90240055.h.tsv.gz
GCST90240027,raw_summary_statistics/GCST90240001-GCST90241000/GCST90240027/harmonised/GCST90240027.h.tsv.gz
GCST90240041,raw_summary_statistics/GCST90240001-GCST90241000/GCST90240041/harmonised/GCST90240041.h.tsv.gz
GCST90240107,raw_summary_statistics/GCST90240001-GCST90241000/GCST90240107/harmonised/GCST90240107.h.tsv.gz
GCST90240006,raw_summary_statistics/GCST90240001-GCST90241000/GCST90240006/harmonised/GCST90240006.h.tsv.gz
GCST90240054,raw_summary_statistics/GCST90240001-GCST90241000/GCST90240054/harmonised/GCST90240054.h.tsv.gz
GCST90240090,raw_summary_statistics/GCST90240001-GCST90241000/GCST90240090/harmonised/GCST90240090.h.tsv.gz
GCST90240092,raw_summary_statistics/GCST90240001-GCST90241000/GCST90240092/harmonised/GCST90240092.h.tsv.gz
GCST90239997,raw_summary_statistics/GCST90239001-GCST90240000/GCST90239997/harmonised/GCST90239997.h.tsv.gz
GCST90240010,raw_summary_statistics/GCST90240001-GCST90241000/GCST90240010/harmonised/GCST90240010.h.tsv.gz
GCST90240066,raw_summary_statistics/GCST90240001-GCST90241000/GCST90240066/harmonised/GCST90240066.h.tsv.gz
GCST003045,raw_summary_statistics/GCST003001-GCST004000/GCST003045/harmonised/26192919-GCST003045-EFO_0000729.h.tsv.gz
GCST003043,raw_summary_statistics/GCST003001-GCST004000/GCST003043/harmonised/26192919-GCST003043-EFO_0003767.h.tsv.gz
GCST003044,raw_summary_statistics/GCST003001-GCST004000/GCST003044/harmonised/26192919-GCST003044-EFO_0000384.h.tsv.gz
GCST003116,raw_summary_statistics/GCST003001-GCST004000/GCST003116/harmonised/26343387-GCST003116-EFO_0000378.h.tsv.gz
GCST003129,raw_summary_statistics/GCST003001-GCST004000/GCST003129/harmonised/26394269-GCST003129-EFO_1001486.h.tsv.gz
GCST003143,raw_summary_statistics/GCST003001-GCST004000/GCST003143/harmonised/26417704-GCST003143-EFO_0009797.h.tsv.gz
GCST003156,raw_summary_statistics/GCST003001-GCST004000/GCST003156/harmonised/26502338-GCST003156-EFO_0002690.h.tsv.gz
GCST005540,raw_summary_statistics/GCST005001-GCST006000/GCST005540/harmonised/26651848-GCST005540-EFO_0009466.h.tsv.gz
GCST005543,raw_summary_statistics/GCST005001-GCST006000/GCST005543/harmonised/26651848-GCST005543-Orphanet_797.h.tsv.gz
GCST003219,raw_summary_statistics/GCST003001-GCST004000/GCST003219/harmonised/26691988-GCST003219-EFO_0001365.h.tsv.gz
GCST011750,raw_summary_statistics/GCST011001-GCST012000/GCST011750/harmonised/26806518-GCST011750-GO_0010226.h.tsv.gz
GCST003378,raw_summary_statistics/GCST003001-GCST004000/GCST003378/harmonised/26806518-GCST003378-GO_0010226.h.tsv.gz
GCST012487,raw_summary_statistics/GCST012001-GCST013000/GCST012487/harmonised/26806518-GCST012487-GO_0010226.h.tsv.gz
GCST012486,raw_summary_statistics/GCST012001-GCST013000/GCST012486/harmonised/26806518-GCST012486-GO_0010226.h.tsv.gz
GCST003375,raw_summary_statistics/GCST003001-GCST004000/GCST003375/harmonised/26831199-GCST003375-EFO_0004617.h.tsv.gz
GCST003374,raw_summary_statistics/GCST003001-GCST004000/GCST003374/harmonised/26831199-GCST003374-EFO_0003884.h.tsv.gz
GCST003372,raw_summary_statistics/GCST003001-GCST004000/GCST003372/harmonised/26831199-GCST003372-EFO_0004518.h.tsv.gz
GCST003373,raw_summary_statistics/GCST003001-GCST004000/GCST003373/harmonised/26831199-GCST003373-EFO_0004518.h.tsv.gz
GCST003401,raw_summary_statistics/GCST003001-GCST004000/GCST003401/harmonised/26831199-GCST003401-EFO_0004518.h.tsv.gz
GCST003371,raw_summary_statistics/GCST003001-GCST004000/GCST003371/harmonised/26831199-GCST003371-EFO_0004518.h.tsv.gz
GCST003367,raw_summary_statistics/GCST003001-GCST004000/GCST003367/harmonised/26833098-GCST003367-EFO_0005000.h.tsv.gz
GCST003368,raw_summary_statistics/GCST003001-GCST004000/GCST003368/harmonised/26833098-GCST003368-EFO_0007793.h.tsv.gz
GCST003435,raw_summary_statistics/GCST003001-GCST004000/GCST003435/harmonised/26833246-GCST003435-EFO_0007800.h.tsv.gz
GCST006802,raw_summary_statistics/GCST006001-GCST007000/GCST006802/harmonised/26961502-GCST006802-EFO_0004340.h.tsv.gz
GCST006801,raw_summary_statistics/GCST006001-GCST007000/GCST006801/harmonised/26961502-GCST006801-EFO_0001360.h.tsv.gz
GCST003484,raw_summary_statistics/GCST003001-GCST004000/GCST003484/harmonised/26962152-GCST003484-EFO_0007780.h.tsv.gz
GCST90132689,raw_summary_statistics/GCST90132001-GCST90133000/GCST90132689/harmonised/GCST90132689.h.tsv.gz
GCST90132665,raw_summary_statistics/GCST90132001-GCST90133000/GCST90132665/harmonised/GCST90132665.h.tsv.gz
GCST90132742,raw_summary_statistics/GCST90132001-GCST90133000/GCST90132742/harmonised/GCST90132742.h.tsv.gz
GCST90132680,raw_summary_statistics/GCST90132001-GCST90133000/GCST90132680/harmonised/GCST90132680.h.tsv.gz
GCST90132660,raw_summary_statistics/GCST90132001-GCST90133000/GCST90132660/harmonised/GCST90132660.h.tsv.gz
GCST90132651,raw_summary_statistics/GCST90132001-GCST90133000/GCST90132651/harmonised/GCST90132651.h.tsv.gz
GCST90132733,raw_summary_statistics/GCST90132001-GCST90133000/GCST90132733/harmonised/GCST90132733.h.tsv.gz
GCST90132738,raw_summary_statistics/GCST90132001-GCST90133000/GCST90132738/harmonised/GCST90132738.h.tsv.gz
GCST90132720,raw_summary_statistics/GCST90132001-GCST90133000/GCST90132720/harmonised/GCST90132720.h.tsv.gz
GCST90132658,raw_summary_statistics/GCST90132001-GCST90133000/GCST90132658/harmonised/GCST90132658.h.tsv.gz
GCST90132675,raw_summary_statistics/GCST90132001-GCST90133000/GCST90132675/harmonised/GCST90132675.h.tsv.gz
GCST90132676,raw_summary_statistics/GCST90132001-GCST90133000/GCST90132676/harmonised/GCST90132676.h.tsv.gz
GCST90132671,raw_summary_statistics/GCST90132001-GCST90133000/GCST90132671/harmonised/GCST90132671.h.tsv.gz
GCST90132709,raw_summary_statistics/GCST90132001-GCST90133000/GCST90132709/harmonised/GCST90132709.h.tsv.gz
GCST90132721,raw_summary_statistics/GCST90132001-GCST90133000/GCST90132721/harmonised/GCST90132721.h.tsv.gz
GCST90132715,raw_summary_statistics/GCST90132001-GCST90133000/GCST90132715/harmonised/GCST90132715.h.tsv.gz
GCST90132631,raw_summary_statistics/GCST90132001-GCST90133000/GCST90132631/harmonised/GCST90132631.h.tsv.gz
GCST90132700,raw_summary_statistics/GCST90132001-GCST90133000/GCST90132700/harmonised/GCST90132700.h.tsv.gz
GCST90132705,raw_summary_statistics/GCST90132001-GCST90133000/GCST90132705/harmonised/GCST90132705.h.tsv.gz
GCST90132726,raw_summary_statistics/GCST90132001-GCST90133000/GCST90132726/harmonised/GCST90132726.h.tsv.gz
GCST90132695,raw_summary_statistics/GCST90132001-GCST90133000/GCST90132695/harmonised/GCST90132695.h.tsv.gz
GCST90132677,raw_summary_statistics/GCST90132001-GCST90133000/GCST90132677/harmonised/GCST90132677.h.tsv.gz
GCST90132694,raw_summary_statistics/GCST90132001-GCST90133000/GCST90132694/harmonised/GCST90132694.h.tsv.gz
GCST90132679,raw_summary_statistics/GCST90132001-GCST90133000/GCST90132679/harmonised/GCST90132679.h.tsv.gz
GCST90132723,raw_summary_statistics/GCST90132001-GCST90133000/GCST90132723/harmonised/GCST90132723.h.tsv.gz
GCST90132632,raw_summary_statistics/GCST90132001-GCST90133000/GCST90132632/harmonised/GCST90132632.h.tsv.gz
GCST90132659,raw_summary_statistics/GCST90132001-GCST90133000/GCST90132659/harmonised/GCST90132659.h.tsv.gz
GCST90132656,raw_summary_statistics/GCST90132001-GCST90133000/GCST90132656/harmonised/GCST90132656.h.tsv.gz
GCST90132655,raw_summary_statistics/GCST90132001-GCST90133000/GCST90132655/harmonised/GCST90132655.h.tsv.gz
GCST90132743,raw_summary_statistics/GCST90132001-GCST90133000/GCST90132743/harmonised/GCST90132743.h.tsv.gz
GCST90132642,raw_summary_statistics/GCST90132001-GCST90133000/GCST90132642/harmonised/GCST90132642.h.tsv.gz
GCST90132711,raw_summary_statistics/GCST90132001-GCST90133000/GCST90132711/harmonised/GCST90132711.h.tsv.gz
GCST90132745,raw_summary_statistics/GCST90132001-GCST90133000/GCST90132745/harmonised/GCST90132745.h.tsv.gz
GCST90132630,raw_summary_statistics/GCST90132001-GCST90133000/GCST90132630/harmonised/GCST90132630.h.tsv.gz
GCST90132662,raw_summary_statistics/GCST90132001-GCST90133000/GCST90132662/harmonised/GCST90132662.h.tsv.gz
GCST90132728,raw_summary_statistics/GCST90132001-GCST90133000/GCST90132728/harmonised/GCST90132728.h.tsv.gz
GCST90132752,raw_summary_statistics/GCST90132001-GCST90133000/GCST90132752/harmonised/GCST90132752.h.tsv.gz
GCST90132681,raw_summary_statistics/GCST90132001-GCST90133000/GCST90132681/harmonised/GCST90132681.h.tsv.gz
GCST90132635,raw_summary_statistics/GCST90132001-GCST90133000/GCST90132635/harmonised/GCST90132635.h.tsv.gz
GCST90132690,raw_summary_statistics/GCST90132001-GCST90133000/GCST90132690/harmonised/GCST90132690.h.tsv.gz
GCST90132717,raw_summary_statistics/GCST90132001-GCST90133000/GCST90132717/harmonised/GCST90132717.h.tsv.gz
GCST90132714,raw_summary_statistics/GCST90132001-GCST90133000/GCST90132714/harmonised/GCST90132714.h.tsv.gz
GCST90132674,raw_summary_statistics/GCST90132001-GCST90133000/GCST90132674/harmonised/GCST90132674.h.tsv.gz
GCST90132708,raw_summary_statistics/GCST90132001-GCST90133000/GCST90132708/harmonised/GCST90132708.h.tsv.gz
GCST003665,raw_summary_statistics/GCST003001-GCST004000/GCST003665/harmonised/GCST003665.h.tsv.gz
GCST90132741,raw_summary_statistics/GCST90132001-GCST90133000/GCST90132741/harmonised/GCST90132741.h.tsv.gz
GCST90132735,raw_summary_statistics/GCST90132001-GCST90133000/GCST90132735/harmonised/GCST90132735.h.tsv.gz
GCST90132688,raw_summary_statistics/GCST90132001-GCST90133000/GCST90132688/harmonised/GCST90132688.h.tsv.gz
GCST003664,raw_summary_statistics/GCST003001-GCST004000/GCST003664/harmonised/GCST003664.h.tsv.gz
GCST90132746,raw_summary_statistics/GCST90132001-GCST90133000/GCST90132746/harmonised/GCST90132746.h.tsv.gz
GCST90132645,raw_summary_statistics/GCST90132001-GCST90133000/GCST90132645/harmonised/GCST90132645.h.tsv.gz
GCST90132732,raw_summary_statistics/GCST90132001-GCST90133000/GCST90132732/harmonised/GCST90132732.h.tsv.gz
GCST90132668,raw_summary_statistics/GCST90132001-GCST90133000/GCST90132668/harmonised/GCST90132668.h.tsv.gz
GCST90132719,raw_summary_statistics/GCST90132001-GCST90133000/GCST90132719/harmonised/GCST90132719.h.tsv.gz
GCST90132744,raw_summary_statistics/GCST90132001-GCST90133000/GCST90132744/harmonised/GCST90132744.h.tsv.gz
GCST90132725,raw_summary_statistics/GCST90132001-GCST90133000/GCST90132725/harmonised/GCST90132725.h.tsv.gz
GCST90132685,raw_summary_statistics/GCST90132001-GCST90133000/GCST90132685/harmonised/GCST90132685.h.tsv.gz
GCST90132704,raw_summary_statistics/GCST90132001-GCST90133000/GCST90132704/harmonised/GCST90132704.h.tsv.gz
GCST90132703,raw_summary_statistics/GCST90132001-GCST90133000/GCST90132703/harmonised/GCST90132703.h.tsv.gz
GCST90132707,raw_summary_statistics/GCST90132001-GCST90133000/GCST90132707/harmonised/GCST90132707.h.tsv.gz
GCST90132750,raw_summary_statistics/GCST90132001-GCST90133000/GCST90132750/harmonised/GCST90132750.h.tsv.gz
GCST90132664,raw_summary_statistics/GCST90132001-GCST90133000/GCST90132664/harmonised/GCST90132664.h.tsv.gz
GCST90132737,raw_summary_statistics/GCST90132001-GCST90133000/GCST90132737/harmonised/GCST90132737.h.tsv.gz
GCST90132693,raw_summary_statistics/GCST90132001-GCST90133000/GCST90132693/harmonised/GCST90132693.h.tsv.gz
GCST90132670,raw_summary_statistics/GCST90132001-GCST90133000/GCST90132670/harmonised/GCST90132670.h.tsv.gz
GCST90132701,raw_summary_statistics/GCST90132001-GCST90133000/GCST90132701/harmonised/GCST90132701.h.tsv.gz
GCST90132633,raw_summary_statistics/GCST90132001-GCST90133000/GCST90132633/harmonised/GCST90132633.h.tsv.gz
GCST90132652,raw_summary_statistics/GCST90132001-GCST90133000/GCST90132652/harmonised/GCST90132652.h.tsv.gz
GCST90132654,raw_summary_statistics/GCST90132001-GCST90133000/GCST90132654/harmonised/GCST90132654.h.tsv.gz
GCST90132684,raw_summary_statistics/GCST90132001-GCST90133000/GCST90132684/harmonised/GCST90132684.h.tsv.gz
GCST90132734,raw_summary_statistics/GCST90132001-GCST90133000/GCST90132734/harmonised/GCST90132734.h.tsv.gz
GCST90132637,raw_summary_statistics/GCST90132001-GCST90133000/GCST90132637/harmonised/GCST90132637.h.tsv.gz
GCST90132634,raw_summary_statistics/GCST90132001-GCST90133000/GCST90132634/harmonised/GCST90132634.h.tsv.gz
GCST90132736,raw_summary_statistics/GCST90132001-GCST90133000/GCST90132736/harmonised/GCST90132736.h.tsv.gz
GCST90132722,raw_summary_statistics/GCST90132001-GCST90133000/GCST90132722/harmonised/GCST90132722.h.tsv.gz
GCST90132729,raw_summary_statistics/GCST90132001-GCST90133000/GCST90132729/harmonised/GCST90132729.h.tsv.gz
GCST90132649,raw_summary_statistics/GCST90132001-GCST90133000/GCST90132649/harmonised/GCST90132649.h.tsv.gz
GCST90132706,raw_summary_statistics/GCST90132001-GCST90133000/GCST90132706/harmonised/GCST90132706.h.tsv.gz
GCST90132682,raw_summary_statistics/GCST90132001-GCST90133000/GCST90132682/harmonised/GCST90132682.h.tsv.gz
GCST90132687,raw_summary_statistics/GCST90132001-GCST90133000/GCST90132687/harmonised/GCST90132687.h.tsv.gz
GCST003666,raw_summary_statistics/GCST003001-GCST004000/GCST003666/harmonised/GCST003666.h.tsv.gz
GCST90132643,raw_summary_statistics/GCST90132001-GCST90133000/GCST90132643/harmonised/GCST90132643.h.tsv.gz
GCST90132731,raw_summary_statistics/GCST90132001-GCST90133000/GCST90132731/harmonised/GCST90132731.h.tsv.gz
GCST90132639,raw_summary_statistics/GCST90132001-GCST90133000/GCST90132639/harmonised/GCST90132639.h.tsv.gz
GCST90132730,raw_summary_statistics/GCST90132001-GCST90133000/GCST90132730/harmonised/GCST90132730.h.tsv.gz
GCST90132691,raw_summary_statistics/GCST90132001-GCST90133000/GCST90132691/harmonised/GCST90132691.h.tsv.gz
GCST90132666,raw_summary_statistics/GCST90132001-GCST90133000/GCST90132666/harmonised/GCST90132666.h.tsv.gz
GCST90132724,raw_summary_statistics/GCST90132001-GCST90133000/GCST90132724/harmonised/GCST90132724.h.tsv.gz
GCST90132636,raw_summary_statistics/GCST90132001-GCST90133000/GCST90132636/harmonised/GCST90132636.h.tsv.gz
GCST90132647,raw_summary_statistics/GCST90132001-GCST90133000/GCST90132647/harmonised/GCST90132647.h.tsv.gz
GCST90132740,raw_summary_statistics/GCST90132001-GCST90133000/GCST90132740/harmonised/GCST90132740.h.tsv.gz
GCST90132653,raw_summary_statistics/GCST90132001-GCST90133000/GCST90132653/harmonised/GCST90132653.h.tsv.gz
GCST90132683,raw_summary_statistics/GCST90132001-GCST90133000/GCST90132683/harmonised/GCST90132683.h.tsv.gz
GCST90132702,raw_summary_statistics/GCST90132001-GCST90133000/GCST90132702/harmonised/GCST90132702.h.tsv.gz
GCST90132657,raw_summary_statistics/GCST90132001-GCST90133000/GCST90132657/harmonised/GCST90132657.h.tsv.gz
GCST90132696,raw_summary_statistics/GCST90132001-GCST90133000/GCST90132696/harmonised/GCST90132696.h.tsv.gz
GCST90132646,raw_summary_statistics/GCST90132001-GCST90133000/GCST90132646/harmonised/GCST90132646.h.tsv.gz
GCST90132641,raw_summary_statistics/GCST90132001-GCST90133000/GCST90132641/harmonised/GCST90132641.h.tsv.gz
GCST90132739,raw_summary_statistics/GCST90132001-GCST90133000/GCST90132739/harmonised/GCST90132739.h.tsv.gz
GCST90132640,raw_summary_statistics/GCST90132001-GCST90133000/GCST90132640/harmonised/GCST90132640.h.tsv.gz
GCST90132692,raw_summary_statistics/GCST90132001-GCST90133000/GCST90132692/harmonised/GCST90132692.h.tsv.gz
GCST90132669,raw_summary_statistics/GCST90132001-GCST90133000/GCST90132669/harmonised/GCST90132669.h.tsv.gz
GCST90132713,raw_summary_statistics/GCST90132001-GCST90133000/GCST90132713/harmonised/GCST90132713.h.tsv.gz
GCST90132663,raw_summary_statistics/GCST90132001-GCST90133000/GCST90132663/harmonised/GCST90132663.h.tsv.gz
GCST90132718,raw_summary_statistics/GCST90132001-GCST90133000/GCST90132718/harmonised/GCST90132718.h.tsv.gz
GCST90132661,raw_summary_statistics/GCST90132001-GCST90133000/GCST90132661/harmonised/GCST90132661.h.tsv.gz
GCST90132712,raw_summary_statistics/GCST90132001-GCST90133000/GCST90132712/harmonised/GCST90132712.h.tsv.gz
GCST90132644,raw_summary_statistics/GCST90132001-GCST90133000/GCST90132644/harmonised/GCST90132644.h.tsv.gz
GCST90132748,raw_summary_statistics/GCST90132001-GCST90133000/GCST90132748/harmonised/GCST90132748.h.tsv.gz
GCST90132638,raw_summary_statistics/GCST90132001-GCST90133000/GCST90132638/harmonised/GCST90132638.h.tsv.gz
GCST90132667,raw_summary_statistics/GCST90132001-GCST90133000/GCST90132667/harmonised/GCST90132667.h.tsv.gz
GCST90132697,raw_summary_statistics/GCST90132001-GCST90133000/GCST90132697/harmonised/GCST90132697.h.tsv.gz
GCST90132673,raw_summary_statistics/GCST90132001-GCST90133000/GCST90132673/harmonised/GCST90132673.h.tsv.gz
GCST90132747,raw_summary_statistics/GCST90132001-GCST90133000/GCST90132747/harmonised/GCST90132747.h.tsv.gz
GCST90132751,raw_summary_statistics/GCST90132001-GCST90133000/GCST90132751/harmonised/GCST90132751.h.tsv.gz
GCST90132672,raw_summary_statistics/GCST90132001-GCST90133000/GCST90132672/harmonised/GCST90132672.h.tsv.gz
GCST90132648,raw_summary_statistics/GCST90132001-GCST90133000/GCST90132648/harmonised/GCST90132648.h.tsv.gz
GCST90132699,raw_summary_statistics/GCST90132001-GCST90133000/GCST90132699/harmonised/GCST90132699.h.tsv.gz
GCST90132716,raw_summary_statistics/GCST90132001-GCST90133000/GCST90132716/harmonised/GCST90132716.h.tsv.gz
GCST90132727,raw_summary_statistics/GCST90132001-GCST90133000/GCST90132727/harmonised/GCST90132727.h.tsv.gz
GCST90132710,raw_summary_statistics/GCST90132001-GCST90133000/GCST90132710/harmonised/GCST90132710.h.tsv.gz
GCST90132650,raw_summary_statistics/GCST90132001-GCST90133000/GCST90132650/harmonised/GCST90132650.h.tsv.gz
GCST90132686,raw_summary_statistics/GCST90132001-GCST90133000/GCST90132686/harmonised/GCST90132686.h.tsv.gz
GCST003392,raw_summary_statistics/GCST003001-GCST004000/GCST003392/harmonised/27015805-GCST003392-EFO_0007796.h.tsv.gz
GCST003395,raw_summary_statistics/GCST003001-GCST004000/GCST003395/harmonised/27015805-GCST003395-EFO_0007796.h.tsv.gz
GCST003394,raw_summary_statistics/GCST003001-GCST004000/GCST003394/harmonised/27015805-GCST003394-EFO_0007796.h.tsv.gz
GCST003496,raw_summary_statistics/GCST003001-GCST004000/GCST003496/harmonised/27046643-GCST003496-EFO_0004784.h.tsv.gz
GCST003497,raw_summary_statistics/GCST003001-GCST004000/GCST003497/harmonised/27046643-GCST003497-EFO_0004874.h.tsv.gz
GCST003498,raw_summary_statistics/GCST003001-GCST004000/GCST003498/harmonised/27046643-GCST003498-EFO_0004350.h.tsv.gz
GCST003499,raw_summary_statistics/GCST003001-GCST004000/GCST003499/harmonised/27046643-GCST003499-EFO_0008393.h.tsv.gz
GCST003467,raw_summary_statistics/GCST003001-GCST004000/GCST003467/harmonised/27064256-GCST003467-EFO_1001506.h.tsv.gz
GCST003769,raw_summary_statistics/GCST003001-GCST004000/GCST003769/harmonised/27089181-GCST003769-EFO_0007006.h.tsv.gz
GCST003766,raw_summary_statistics/GCST003001-GCST004000/GCST003766/harmonised/27089181-GCST003766-EFO_0007869.h.tsv.gz
GCST003770,raw_summary_statistics/GCST003001-GCST004000/GCST003770/harmonised/27089181-GCST003770-EFO_0007660.h.tsv.gz
GCST90335170,raw_summary_statistics/GCST90335001-GCST90336000/GCST90335170/harmonised/GCST90335170.h.tsv.gz
GCST003724,raw_summary_statistics/GCST003001-GCST004000/GCST003724/harmonised/27329760-GCST003724-EFO_0000289.h.tsv.gz
GCST003566,raw_summary_statistics/GCST003001-GCST004000/GCST003566/harmonised/27386562-GCST003566-EFO_0003885.h.tsv.gz
GCST003659,raw_summary_statistics/GCST003001-GCST004000/GCST003659/harmonised/27416945-GCST003659-EFO_0004471.h.tsv.gz
GCST003658,raw_summary_statistics/GCST003001-GCST004000/GCST003658/harmonised/27416945-GCST003658-EFO_0004471.h.tsv.gz
GCST005178,raw_summary_statistics/GCST005001-GCST006000/GCST005178/harmonised/27416945-GCST005178-EFO_0004471.h.tsv.gz
GCST004692,raw_summary_statistics/GCST004001-GCST005000/GCST004692/harmonised/27455348-GCST004692-EFO_0000253.h.tsv.gz
GCST003837,raw_summary_statistics/GCST003001-GCST004000/GCST003837/harmonised/27494321-GCST003837-EFO_0004354.h.tsv.gz
GCST003839,raw_summary_statistics/GCST003001-GCST004000/GCST003839/harmonised/27494321-GCST003839-EFO_0005271.h.tsv.gz
GCST006685,raw_summary_statistics/GCST006001-GCST007000/GCST006685/harmonised/27494321-GCST006685-EFO_0005271.h.tsv.gz
GCST006686,raw_summary_statistics/GCST006001-GCST007000/GCST006686/harmonised/27494321-GCST006686-EFO_0005271.h.tsv.gz
GCST003738,raw_summary_statistics/GCST003001-GCST004000/GCST003738/harmonised/27527254-GCST003738-EFO_0000280.h.tsv.gz
GCST003740,raw_summary_statistics/GCST003001-GCST004000/GCST003740/harmonised/27527254-GCST003740-EFO_0000280.h.tsv.gz
GCST003739,raw_summary_statistics/GCST003001-GCST004000/GCST003739/harmonised/27527254-GCST003739-EFO_0000478.h.tsv.gz
GCST006227,raw_summary_statistics/GCST006001-GCST007000/GCST006227/harmonised/27618448-GCST006227-EFO_0006336.h.tsv.gz
GCST006231,raw_summary_statistics/GCST006001-GCST007000/GCST006231/harmonised/27618448-GCST006231-EFO_0006340.h.tsv.gz
GCST006229,raw_summary_statistics/GCST006001-GCST007000/GCST006229/harmonised/27618448-GCST006229-EFO_0000537.h.tsv.gz
GCST006230,raw_summary_statistics/GCST006001-GCST007000/GCST006230/harmonised/27618448-GCST006230-EFO_0005763.h.tsv.gz
GCST006228,raw_summary_statistics/GCST006001-GCST007000/GCST006228/harmonised/27618448-GCST006228-EFO_0006335.h.tsv.gz
GCST006258,raw_summary_statistics/GCST006001-GCST007000/GCST006258/harmonised/27618452-GCST006258-EFO_0006336.h.tsv.gz
GCST006259,raw_summary_statistics/GCST006001-GCST007000/GCST006259/harmonised/27618452-GCST006259-EFO_0006335.h.tsv.gz
GCST007557,raw_summary_statistics/GCST007001-GCST008000/GCST007557/harmonised/23202124-GCST007557-EFO_0004344.h.tsv.gz
GCST003814,raw_summary_statistics/GCST003001-GCST004000/GCST003814/harmonised/27723758-GCST003814-EFO_1001929.h.tsv.gz
GCST012236,raw_summary_statistics/GCST012001-GCST013000/GCST012236/harmonised/27749845-GCST012236-EFO_0006859.h.tsv.gz
GCST012235,raw_summary_statistics/GCST012001-GCST013000/GCST012235/harmonised/27749845-GCST012235-EFO_0006859.h.tsv.gz
GCST012234,raw_summary_statistics/GCST012001-GCST013000/GCST012234/harmonised/27749845-GCST012234-EFO_0006859.h.tsv.gz
GCST012238,raw_summary_statistics/GCST012001-GCST013000/GCST012238/harmonised/27749845-GCST012238-EFO_0005570.h.tsv.gz
GCST012242,raw_summary_statistics/GCST012001-GCST013000/GCST012242/harmonised/27749845-GCST012242-EFO_1001931.h.tsv.gz
GCST012240,raw_summary_statistics/GCST012001-GCST013000/GCST012240/harmonised/27749845-GCST012240-EFO_1001931.h.tsv.gz
GCST012237,raw_summary_statistics/GCST012001-GCST013000/GCST012237/harmonised/27749845-GCST012237-EFO_0005570.h.tsv.gz
GCST012239,raw_summary_statistics/GCST012001-GCST013000/GCST012239/harmonised/27749845-GCST012239-EFO_0005570.h.tsv.gz
GCST012241,raw_summary_statistics/GCST012001-GCST013000/GCST012241/harmonised/27749845-GCST012241-EFO_1001931.h.tsv.gz
GCST006044,raw_summary_statistics/GCST006001-GCST007000/GCST006044/harmonised/27798627-GCST006044-EFO_0009101.h.tsv.gz
GCST006046,raw_summary_statistics/GCST006001-GCST007000/GCST006046/harmonised/27798627-GCST006046-EFO_000910.h.tsv.gz
GCST006045,raw_summary_statistics/GCST006001-GCST007000/GCST006045/harmonised/27798627-GCST006045-EFO_0009101.h.tsv.gz
GCST003795,raw_summary_statistics/GCST003001-GCST004000/GCST003795/harmonised/27798627-GCST003795-EFO_0009101.h.tsv.gz
GCST006047,raw_summary_statistics/GCST006001-GCST007000/GCST006047/harmonised/27798627-GCST006047-EFO_000910.h.tsv.gz
GCST004614,raw_summary_statistics/GCST004001-GCST005000/GCST004614/harmonised/27863252-GCST004614-EFO_0007987.h.tsv.gz
GCST004617,raw_summary_statistics/GCST004001-GCST005000/GCST004617/harmonised/27863252-GCST004617-EFO_0007996.h.tsv.gz
GCST004600,raw_summary_statistics/GCST004001-GCST005000/GCST004600/harmonised/27863252-GCST004600-EFO_0007991.h.tsv.gz
GCST004611,raw_summary_statistics/GCST004001-GCST005000/GCST004611/harmonised/27863252-GCST004611-EFO_0007986.h.tsv.gz
GCST004602,raw_summary_statistics/GCST004001-GCST005000/GCST004602/harmonised/27863252-GCST004602-EFO_0004526.h.tsv.gz
